text;label
acak-acakan;0
adu;0
adu domba;0
aib;0
akal bulus;0
alasan saja;0
alibi;0
aliran;0
amatir;0
ambisi;0
ambisius;0
ambruk;0
amburadul;0
ampas;0
amputasi;0
amuk;0
anarkis;0
ancam;0
ancaman;0
aneh;0
angin kencang;0
apa boleh buat;0
apatis;0
asal;0
babak belur;0
bacokan;0
bagaimana mau;0
bagaimana mungkin;0
bahaya;0
bahayakan;0
bakteri;0
baku hantam;0
balas dendam;0
bandel;0
bangkai;0
bangkrut;0
bangsat;0
banjir;0
bantah;0
bantai;0
banyak cincong;0
banyak cingcong;0
banyak pertanyaan;0
banyak tingkah;0
barbar;0
barbarisme;0
basi;0
batal;0
batalkan;0
batuk-batuk;0
bawah tangan;0
bebal;0
beber;0
bekeluyuran;0
bekoar;0
belingsatan;0
belum begitu dekat;0
bencana;0
bengis;0
bengkak;0
beracun;0
berakal bulus;0
beralkohol;0
berantakan;0
berbahaya;0
berbanding terbalik;0
berbantah-bantahan;0
berbantahan;0
berbelit-belit;0
berbenturan;0
berbohong;0
berborok;0
bercampur aduk;0
berdaki;0
berdalih;0
berdarah;0
berdarah dingin;0
berdebat;0
berdemo;0
berdemonstrasi;0
berdesak-desakan;0
berdesakan;0
berdosa;0
berduka cita;0
berdusta;0
beresiko;0
berfoya-foya;0
bergelandangan;0
bergentayangan;0
bergidik;0
bergontok-gontokan;0
bergontokan;0
bergosip;0
bergunjing;0
berhamburan;0
berhantu;0
berhura-hura;0
berhutang;0
beriba-iba;0
berimbas;0
berimpitan;0
beringas;0
berisik;0
berisiko;0
berjangkit;0
berjatuhan;0
berjejal;0
berjudi;0
berkabung;0
berkacak pinggang;0
berkasak-kusuk;0
berkecamuk;0
berkecil hati;0
berkedok;0
berkelahi;0
berkelainan;0
berkeliaran;0
berkelit;0
berkeluyuran;0
berkerut;0
berkhalwat;0
berkhianat;0
berkilah;0
berkoar;0
berkoar-koar;0
berkolusi;0
berkomplot;0
berkonflik;0
berkongkalikong;0
berkotor-kotor;0
berkuman;0
berkunang-kunang;0
berkutu;0
berlagak;0
berlawanan;0
berlebih-lebihan;0
berlebihan;0
berleha-leha;0
berliku;0
berliku-liku;0
berlinang;0
berlinangan;0
berlubang;0
berlubang-lubang;0
bermadat;0
bermadu;0
bermasalah;0
bermegah-megah;0
bermesum;0
bermewah-mewah;0
bermewah-mewahan;0
bermuram;0
bermusuhan;0
bernafsu;0
bernoda;0
berolok-olok;0
berpaling;0
berpangku tangan;0
berpecah belah;0
berpenyakit;0
berpidana;0
berpisah;0
berpolemik;0
berpongah-pongah;0
berprasangka;0
berprasangka buruk;0
berpretensi;0
berpropaganda;0
berpura-pura;0
berpusing-pusing;0
bersalah;0
bersandiwara;0
bersikut-sikutan;0
bersikutan;0
bersilang sengketa;0
bersilangan;0
bersilat lidah;0
bersimpang siur;0
bersinggungan;0
bersitegang;0
berspekulasi;0
bersungut;0
bersungut-sungut;0
bersusah hati;0
bersyubhat;0
bertabrakan;0
bertanggung jawab;0
bertele-tele;0
bertengkar;0
bertentangan;0
berteriak;0
berteriak-teriak;0
bertikai;0
bertingkah;0
bertubrukan;0
bertumpang tindih;0
bertumpang-tindih;0
berulah;0
berulat;0
berunjuk rasa;0
berurusan;0
berusuh;0
berutang;0
berzina;0
berzinah;0
biadab;0
biang keladi;0
biang kerusuhan;0
biangnya;0
bimbang;0
binasa;0
bingung;0
bintik;0
blak-blakan;0
blokir;0
bocor;0
bocoran;0
bodoh;0
bogem;0
bohong;0
boikot;0
bokek;0
bolak-balik;0
bolong-bolong;0
bolos;0
bom;0
bombardir;0
bordil;0
borgol;0
borjuis;0
boro-boro;0
borok;0
borokan;0
boros;0
bosan;0
bt;0
bual;0
bualan;0
buangan;0
buas;0
bukan-bukan;0
buku hitam;0
bulan tua;0
bulan-bulanan;0
bulukan;0
bungkam;0
buntu;0
bunuh;0
bunuh diri;0
buron;0
buronan;0
buruh kasar;0
buruk;0
buruk sangka;0
busuk;0
busung lapar;0
buta huruf;0
butut;0
buyar;0
cabik;0
cabul;0
cacat;0
caci;0
caci maki;0
cacian;0
cacing;0
campur aduk;0
candu;0
canggung;0
cape;0
cape hati;0
capek;0
capek hati;0
caplok;0
cari muka;0
cari saja sendiri;0
cari sendiri;0
cari-cari kesalahan;0
carut;0
carut-marut;0
catut;0
catutan;0
cecar;0
cecaran;0
cedera;0
cek kosong;0
cekak;0
cekal;0
cekcok;0
cela;0
celaan;0
celaka;0
cemarkan;0
cemas;0
cemaskan;0
cemberut;0
cemburu;0
cemburuan;0
cengeng;0
cerai;0
cerai-berai;0
cercaan;0
ceroboh;0
cibir;0
cibiran;0
cidera;0
cincong;0
colong;0
comel;0
comelan;0
compang-camping;0
congkak;0
contek;0
contekan;0
copet;0
coreng;0
coreng-moreng;0
cuci otak;0
cuci uang;0
culik;0
cuma;0
curang;0
curi;0
curian;0
curiga;0
curigaan;0
dablek;0
dadakan;0
daftar hitam;0
daif;0
dajal;0
daki;0
dakwa;0
dakwaan;0
dalih;0
dampak;0
damprat;0
dampratan;0
dana talangan;0
darah dingin;0
darah tinggi;0
dauf;0
defisit;0
degenerasi;0
degeneratif;0
degradasi;0
dehidrasi;0
dekil;0
demo;0
demonstran;0
demonstrasi;0
demoralisasi;0
dendam;0
dendam kesumat;0
dengki;0
deportasi;0
derita;0
desak;0
desakan;0
desas-desus;0
destruksi;0
detonasi;0
detonator;0
deviasi;0
dhaif;0
dhalim;0
dholim;0
dhuafa;0
di bawah sadar;0
di bawah umur;0
diabaikan;0
diacak-acak;0
diadili;0
diadu domba;0
diadudombakan;0
diam-diam;0
diamankan;0
diamlah;0
diancam;0
diawasi;0
dibacok;0
dibakar;0
dibanding-bandingkan;0
dibangkrutkan;0
dibantah;0
dibantai;0
dibatalkan;0
dibatasi;0
dibawa kabur;0
dibawa-bawa;0
dibayang-bayangi;0
dibebankan;0
dibeberkan;0
dibeda-bedakan;0
dibelenggu;0
dibinasakan;0
diblokir;0
dibocorkan;0
dibodohi;0
dibohongi;0
diboikot;0
dibom;0
dibombardir;0
diborgol;0
dibuang;0
dibuat lagi;0
dibuat-buat;0
dibubarkan;0
dibungkam;0
dibunuh;0
dibutakan;0
dibuyarkan;0
dicabik;0
dicabik-canik;0
dicabuli;0
dicaci;0
dicaci maki;0
dicambuk;0
dicampakkan;0
dicampur aduk;0
dicampuradukkan;0
dicaplok;0
dicatut;0
dicecar;0
dicekal;0
dicekam;0
dicekik;0
dicela;0
dicelakai;0
dicemari;0
dicemaskan;0
dicemburui;0
dicerca;0
dicibir;0
dicolong;0
dicontek;0
dicopet;0
dicopot;0
dicoreng;0
dicuci otak;0
dicurangi;0
dicuri;0
dicurigai;0
didakwa;0
didakwakan;0
didalangi;0
didamprat;0
didepak;0
dideportasi;0
didera;0
didesak;0
didesas-desuskan;0
didhalimi;0
didholimi;0
didikte;0
didiskreditkan;0
didiskriminasi;0
didiskriminasikan;0
didiskualifikasi;0
didiskualifikasikan;0
diduai;0
diduakan;0
diduga;0
diduga-duga;0
didustai;0
didustakan;0
didzalimi;0
dieksekusi;0
dieksploitasi;0
diekspos;0
dieliminasi;0
diempaskan;0
dienyahkan;0
difitnah;0
diforsir;0
digampangkan;0
digampar;0
diganggu;0
diganggu-gugat;0
diganjal;0
diganjar;0
digasak;0
digauli;0
digebuk;0
digebuki;0
digedor;0
digedor-gedor;0
digegerkan;0
digelandang;0
digelapkan;0
digembar-gemborkan;0
digemparkan;0
digempur;0
digencet;0
digentayangi;0
digerayangi;0
digerebek;0
digerecoki;0
digerepe;0
digerogoti;0
digertak;0
digondol;0
digorok;0
digosipkan;0
digrecoki;0
digugat;0
digugurkan;0
digulingkan;0
diguna-guna;0
diguna-gunai;0
diguncang;0
digunjingkan;0
digusur;0
dihabisi;0
dihadang;0
dihajar;0
dihalang;0
dihalang-halangi;0
dihalangi;0
dihambat;0
dihambur-hamburkan;0
dihamburkan;0
dihancurkan;0
dihancurleburkan;0
dihanguskan;0
dihantam;0
dihantui;0
diharamkan;0
dihardik;0
dihasut;0
dihempas;0
dihempaskan;0
dihina;0
dihujat;0
dihukum;0
diisolasi;0
dijajah;0
dijambak;0
dijambret;0
dijangkiti;0
dijarah;0
dijebak;0
dijebloskan;0
dijegal;0
dijerat;0
dijiplak;0
dikacaubalaukan;0
dikacaukan;0
dikafirkan;0
dikalahkan;0
dikambinghitamkan;0
dikasari;0
dikata-katai;0
dikatai;0
dikebiri;0
dikecam;0
dikecewakan;0
dikejar-kejar;0
dikekang;0
dikelabui;0
dikeluhkan;0
dikemplang;0
dikenai biaya;0
dikenakan biaya;0
dikentutin;0
dikerangkeng;0
dikerdilkan;0
dikeroyok;0
dikeruhkan;0
dikesalkan;0
dikesampingkan;0
dikhawatirkan;0
dikhianati;0
dikibuli;0
dikompori;0
dikontaminasi;0
dikorbankan;0
dikorup;0
dikorupsi;0
dikotori;0
dikritik;0
diktator;0
dikucilkan;0
dikufurkan;0
dikungkung;0
dikuntit;0
dikurangi;0
dikurung;0
dikutuk;0
dilabrak;0
dilacurkan;0
dilaknat;0
dilalaikan;0
dilambat-lambatkan;0
dilampiaskan;0
dilanda;0
dilanggar;0
dilarang;0
dilawan;0
dilebih-lebihkan;0
dilecehkan;0
diledakkan;0
diledek;0
diledeki;0
dilema;0
dilemahkan;0
dilematik;0
dilematis;0
dilenyapkan;0
dilindas;0
dilucuti;0
diludahi;0
dilukai;0
dilumpuhkan;0
dilupakan;0
dimabuk;0
dimaki;0
dimandulkan;0
dimanipulasi;0
dimanipulasikan;0
dimarahi;0
dimonopoli;0
dimuntahkan;0
dimusuhi;0
dimutilasi;0
dinamit;0
dinistakan;0
dinodai;0
diobrak-abrik;0
diombang-ambing;0
diomeli;0
dipaksa;0
dipaksakan;0
dipalak;0
dipalaki;0
dipalsukan;0
dipanas-panasi;0
dipancung;0
dipasung;0
dipecat;0
diperbudak;0
diperburuk;0
diperdaya;0
diperdebatkan;0
diperepot;0
diperkosa;0
diperlama;0
diperlambat;0
diperlemah;0
dipermasalahkan;0
diperparah;0
dipersadis;0
dipersakit;0
dipersalah;0
dipersalahkan;0
dipersoalkan;0
dipersukar;0
dipersulit;0
dipersuram;0
dipersusah;0
dipertakut;0
dipertaruhkan;0
dipertarungkan;0
dipertegang;0
dipertengkarkan;0
diperumit;0
diperusuh;0
dipidana;0
dipidanakan;0
dipinggirkan;0
dipojokkan;0
dipreteli;0
dipropaganda;0
diprotes;0
diprovokasi;0
dipukul;0
dipukuli;0
dipulangkan;0
dipungut;0
dipungut iuran;0
dipungut uang;0
dipusingkan;0
diracun;0
diracuni;0
diragukan;0
dirajam;0
dirampas;0
dirampok;0
diratapi;0
dirazia;0
direkayasa;0
diremehkan;0
direndahkan;0
direnggut;0
direpotkan;0
diresahkan;0
diributkan;0
diringkus;0
dirobek;0
dirobek-robek;0
dirobohkan;0
dirongrong;0
dirugikan;0
dirumahkan;0
dirumitkan;0
dirundung;0
dirunyamkan;0
dirusak;0
dirusakkan;0
diruwetkan;0
disabotase;0
disadap;0
disakiti;0
disalahartikan;0
disalahgunakan;0
disalahkan;0
disamarkan;0
disambar;0
disambit;0
disandera;0
disanggah;0
disangka;0
disangkal;0
disangkutpautkan;0
disangsikan;0
disantet;0
disatroni;0
disayangkan;0
disayat;0
disayat-sayat;0
disfungsi;0
disharmoni;0
disia-siakan;0
disidang;0
disiden;0
disidik;0
disiksa;0
disikut;0
disilet;0
disindir;0
disinggung;0
disingkirkan;0
disintegrasi;0
disinyalir;0
disisihkan;0
disita;0
diskors;0
diskotek;0
diskotik;0
diskredit;0
diskriminasi;0
diskriminatif;0
diskualifikasi;0
disobek;0
disobek-sobek;0
disodomi;0
disogok;0
disomasi;0
disombongkan;0
disorder;0
distorsi;0
distreskan;0
disuap;0
disudutkan;0
disulut;0
disumpahi;0
disumpel;0
disundut;0
disusahi;0
disusahkan;0
disusupi;0
disusupkan;0
disusutkan;0
ditabok;0
ditabrak;0
ditagih;0
ditahan;0
ditakut-takuti;0
ditakuti;0
ditalak;0
ditampar;0
ditangisi;0
ditangkap;0
ditawan;0
ditekan;0
ditelan mentah-mentah;0
ditelanjangi;0
ditelantarkan;0
ditembaki;0
ditempeleng;0
ditentang;0
diteriaki;0
diterjang;0
diteror;0
ditertawai;0
ditertawakan;0
ditewaskan;0
ditiduri;0
ditikam;0
ditilang;0
ditilap;0
ditilep;0
ditimpa;0
ditimpakan;0
ditimpuk;0
ditimpuki;0
ditindas;0
ditinggalkan;0
ditinjau lagi;0
ditinju;0
ditipu;0
ditiru-tiru;0
ditodong;0
ditolak;0
ditomboki;0
ditonjok;0
ditoyor;0
dituding;0
dituduh;0
dituduhkan;0
ditulari;0
ditularkan;0
ditumbalkan;0
ditumpulkan;0
ditunda;0
ditunda-tunda;0
ditunggangi;0
dituntut;0
diturunkan;0
ditusuk;0
ditusuk-tusuk;0
ditutup-tutupi;0
ditutupi;0
diurungkan;0
diusik;0
diusir;0
dizalimi;0
dizinahi;0
dizinai;0
dobrak;0
dompleng;0
don juang;0
dongkol;0
dosa;0
dugaan;0
duka;0
duka cita;0
dukun;0
dumping;0
dungu;0
dunia hitam;0
durhaka;0
durhana;0
dusta;0
dzalim;0
ecek-ecek;0
edan;0
edan-edanan;0
egois;0
egoisme;0
egoistis;0
ekshibisionis;0
ekshibisionisme;0
eksploitasi;0
eksplosif;0
ekspos;0
ekstasi;0
ekstrem;0
ekstrim;0
elak;0
eliminasi;0
emang;0
embat;0
embel-embel;0
emghantam;0
emoh;0
emosi;0
emosional;0
empet;0
enak saja;0
endemi;0
eneg;0
enek;0
engap;0
enggan;0
entah;0
enyah;0
enyahkan;0
epidemi;0
epilepsi;0
erangan;0
eror;0
erosi;0
erotik;0
erotis;0
erpusi;0
error;0
fakir;0
fals;0
fanatik;0
fanatisme;0
fasad;0
fasakh;0
fasik;0
fasis;0
fasisme;0
fatal;0
feodal;0
feodalisme;0
fiktif;0
fitnah;0
fitnahan;0
formalin;0
formalitas;0
forsir;0
foya-foya;0
friksi;0
frontal;0
frustasi;0
gaduh;0
gadungan;0
gagal;0
galak;0
galau;0
gamang;0
gampangan;0
gampar;0
ganas;0
ganggu;0
ganggu gugat;0
gangguan;0
gangster;0
ganja;0
ganjalan;0
ganjen;0
ganjil;0
gap;0
gaptek;0
gara-gara;0
garong;0
gasab;0
gasak;0
gawat;0
geblek;0
gebuk;0
gedebak-gedebuk;0
gedor;0
gegabah;0
geger;0
gejala;0
gelagap;0
gelagapan;0
gelagat;0
gelandangan;0
gelap;0
geledah;0
gelepar;0
geletak;0
gelisah;0
gelonggong;0
gelonggongan;0
gembar-gembor;0
gembel;0
gemblung;0
gembong;0
gembos;0
gembrot;0
gembul;0
gemetar;0
gempa;0
gempar;0
gempor;0
gempur;0
gempuran;0
gendeng;0
genderuwo;0
geng;0
genosida;0
gentayangan;0
genting;0
gep;0
gerabak-gerubuk;0
gerah;0
geram;0
geraman;0
gerayan;0
gerebek;0
gerecok;0
germo;0
gerogot;0
gerombol;0
gerombolan;0
gersang;0
gertak;0
gertakan;0
gerutu;0
getir;0
gibah;0
gigolo;0
gila;0
goblok;0
gombal;0
gombalan;0
gondok;0
gondol;0
gonjang-ganjing;0
gonore;0
gonta-ganti;0
gontok-gontokan;0
gores;0
gorok;0
gosip;0
gosong;0
goyah;0
gracok;0
grogi;0
gugat;0
gugatan;0
gugup;0
gulana;0
gulma;0
guna-guna;0
gundah;0
gundah gulana;0
gundik;0
gunjing;0
gunjingan;0
gusar;0
hajar;0
halangan;0
halusinasi;0
hama;0
hambat;0
hambatan;0
hambur;0
hancur;0
hancur lebur;0
hancur-hancuran;0
hangus;0
hantam;0
hantaman;0
hantu;0
hanya;0
hanyut;0
haram;0
hardik;0
hardikan;0
harusnya;0
hasad;0
hasud;0
hasut;0
hasutan;0
hedonis;0
hedonisme;0
hengkang;0
heran;0
heroin;0
herpes;0
hilang;0
himpitan;0
hina;0
hinaan;0
hingar-bingar;0
hiperaktif;0
hiperbol;0
hiperbola;0
hiperbolis;0
hiperseksual;0
hipersensitif;0
hipokrit;0
homoseks;0
homoseksual;0
horor;0
hostes;0
hujan lebat;0
hujat;0
hujatan;0
hukuman;0
hura-hura;0
hutang;0
iblis;0
idiot;0
ilegal;0
imbak;0
imbal;0
imbas;0
imitasi;0
imitatif;0
imitator;0
impase;0
imperfek;0
imperialis;0
imperialisme;0
impitan;0
impor;0
impoten;0
impotensi;0
impulsif;0
inadaptabilitas;0
inca;0
indisipliner;0
individualisme;0
individualistis;0
indoktrinasi;0
indolen;0
inefisiensi;0
infeksi;0
inferior;0
inferioritas;0
infertil;0
infertilitas;0
inflasi;0
infleksibilitas;0
ingkar;0
inkarsunah;0
inkompatibel;0
inkonsisten;0
inkonsistensi;0
inlander;0
inses;0
insiden;0
insinuasi;0
instabilitas;0
internir;0
interupsi;0
intimidasi;0
intimidatif;0
intoleran;0
intrik;0
invalid;0
irasional;0
irasionalitas;0
iri;0
iri hati;0
ironi;0
ironis;0
isak;0
isolasi;0
istan;0
isu;0
jadi bumerang;0
jahanam;0
jahat;0
jahil;0
jahiliah;0
jahiliyah;0
jail;0
jajah;0
jajahan;0
jalang;0
jamah;0
jambak;0
jambret;0
jambretan;0
jampi-jampi;0
jangan asal;0
jangan diganggu;0
jangan sampai;0
jangan sekarang;0
jangan tanya;0
jangan-jangan;0
jangankan;0
janggal;0
jarah;0
jarahan;0
jeblok;0
jebol;0
jegal;0
jelangkung;0
jelantah;0
jelek;0
jemawa;0
jengkel;0
jenuh;0
jerit;0
jeritan;0
jiplak;0
jiplakan;0
joki;0
jongos;0
jontor;0
jorok;0
jotos;0
judes;0
judi;0
justru;0
kabur;0
kacau;0
kacau balau;0
kacau-balau;0
kacung;0
kadaluarsa;0
kadaluwarsa;0
kafir;0
kagok;0
kaku;0
kalah;0
kalang kabut;0
kalap;0
kalau tidak;0
kalibut;0
kalicau;0
kalut;0
kambing hitam;0
kambuh;0
kambuhan;0
kandas;0
kanibal;0
kanibalisme;0
kapitalis;0
karam;0
karsinogen;0
karsinogenik;0
kartu kuning;0
kartu merah;0
karusi;0
karut;0
karut-marut;0
kasak-kusuk;0
kasar;0
kasus;0
katastrofe;0
kebakaran;0
kebandelan;0
kebangetan;0
kebangkrutan;0
kebanjiran;0
keberatan;0
kebiadaban;0
kebinasaan;0
kebiri;0
keblinger;0
kebobolan;0
kebobrokan;0
kebocoran;0
kebodohan;0
kebohongan;0
keborosan;0
kebuntuan;0
keburu;0
keburukan;0
kebusukan;0
kebut-kebutan;0
kebuyaran;0
kecam;0
kecaman;0
kecamuk;0
kecanggungan;0
kecapean;0
kecapekan;0
kecelakaan;0
kecemasan;0
kecemburuan;0
kecengengan;0
keceplosan;0
kecerewetan;0
kecerobohan;0
kecewa;0
kecil hati;0
kecoh;0
kecolongan;0
kecongkakan;0
kecopetan;0
keculasan;0
kecurangan;0
kecurian;0
kecurigaan;0
kedaifan;0
kedaluarsa;0
keder;0
kedhaifan;0
kedhaliman;0
kedholiman;0
kediktatoran;0
kedok;0
kedunguan;0
kedurhakaan;0
kedurjanaan;0
kedzaliman;0
keedanan;0
keegoisan;0
keekstreman;0
keekstriman;0
keemohan;0
keengganan;0
kefakiran;0
kefanaan;0
kefanatikan;0
kefasikan;0
kefatalan;0
kefrsutasian;0
kegaduhan;0
kegagalan;0
kegalauan;0
keganasan;0
keganjilan;0
kegawatan;0
kegelisahan;0
kegentingan;0
kegeraman;0
kegersangan;0
kegilaan;0
kegoblokan;0
kegugupan;0
keguguran;0
kegulanaan;0
kegundahan;0
kegusaran;0
kehabisan;0
kehampaan;0
kehancuran;0
kehilangan;0
kehinaan;0
keingkaran;0
kejahatan;0
kejalangan;0
kejam;0
kejelekan;0
kejengkelan;0
keji;0
kejorokan;0
kekafiran;0
kekalahan;0
kekalapan;0
kekalutan;0
kekanak-kanakan;0
kekang;0
kekangan;0
kekecewaan;0
kekejaman;0
kekejian;0
kekeliruan;0
kekerasan;0
kekeringan;0
kekeruhan;0
kekesalan;0
kekhawatiran;0
kekhilafan;0
kekikiran;0
kekisruhan;0
kekotoran;0
kekufuran;0
kelabakan;0
kelabu;0
kelahi;0
kelainan;0
kelaknatan;0
kelalaian;0
kelambanan;0
kelambatan;0
kelancangan;0
kelaparan;0
kelayapan;0
kelelahan;0
kelemahan;0
kelengahan;0
kelepasan;0
kelesuan;0
keletihan;0
kelewat batas;0
kelewatan;0
keliaran;0
kelicikan;0
kelimbungan;0
kelimpungan;0
kelinglungan;0
keliru;0
keloyoan;0
kelu;0
keluh;0
keluhan;0
kelumpuhan;0
kelupaan;0
keluyuran;0
kemaksiatan;0
kemalingan;0
kemarahan;0
kematian;0
kemelaratan;0
kemelut;0
kemerosotan;0
kemesuman;0
kemiskinan;0
kemplang;0
kemplangan;0
kemunafikan;0
kemunduran;0
kemungkaran;0
kemuraman;0
kemurkaan;0
kemurtadan;0
kemurungan;0
kemustahilan;0
kemusyrikan;0
kenajisan;0
kenakalan;0
kendala;0
kenekatan;0
kenestapaan;0
kengerian;0
kenistaan;0
kentut;0
keonaran;0
kepailitan;0
kepalsuan;0
kepanasan;0
kepandiran;0
kepanikan;0
keparat;0
kepayahan;0
kepedihan;0
kepelitan;0
kepicikan;0
kepincangan;0
kepongahan;0
kepura-puraan;0
keracunan;0
keraguan;0
kerakusan;0
kerampokan;0
kerancuan;0
kerapuhan;0
kerawanan;0
kerdurjanaan;0
kerentanan;0
kerepotan;0
keresahan;0
keretakan;0
kerewelan;0
keributan;0
kericuhan;0
kerisauan;0
kerontang;0
keropos;0
keroyok;0
keroyokan;0
kerugian;0
kerumitan;0
keruntuhan;0
kerunyaman;0
kerusakan;0
kerusuhan;0
keruwetan;0
kesablengan;0
kesadisan;0
kesadisannya;0
kesakitan;0
kesal;0
kesalahan;0
kesambet;0
kesandung;0
kesangsian;0
kesasar;0
kesewenang-wenangan;0
kesia-siaan;0
kesialan;0
kesiangan;0
kesimpangsiuran;0
kesinisan;0
kesintingan;0
kesirikan;0
kesleboran;0
kesombongan;0
kesorean;0
kestagnanan;0
kesukaran;0
kesulitan;0
kesuraman;0
kesurupan;0
kesusahan;0
kesyirikan;0
ketakaburan;0
ketakutan;0
ketamakan;0
ketar-ketir;0
ketegangan;0
keterbatasan;0
ketergantungan;0
ketergesa-gesaan;0
keterlaluan;0
keterlambatan;0
keterpaksaan;0
ketersiksaan;0
ketertindasan;0
ketertinggalan;0
keteter;0
keteteran;0
ketidakefisienan;0
ketidakpastian;0
ketidakpercayaan;0
ketiduran;0
ketimbang;0
ketimpangan;0
ketinggalan;0
ketipu;0
ketololan;0
ketuaan;0
ketularan;0
ketumpangtindihan;0
ketus;0
kewalahan;0
kezaliman;0
khalwat;0
khawatir;0
khawatirkan;0
khianat;0
khilaf;0
kiamat;0
kibul;0
kikir;0
kilah;0
kisruh;0
klepto;0
kleptomania;0
klise;0
koar;0
kocar-kacir;0
kok;0
kolaps;0
koloni;0
kolonial;0
kolonialisme;0
kolonis;0
kolot;0
kolusi;0
komat-kamit;0
komplain;0
kompleks;0
komplikasi;0
komplotan;0
komunis;0
konflik;0
konfrontasi;0
kongkalikong;0
konspirasi;0
konspiratif;0
konsumtif;0
kontaminasi;0
kontra;0
kontradiksi;0
kontradiktif;0
kontraproduktif;0
kontroversi;0
kontroversial;0
korban;0
korupsi;0
koruptor;0
kotor;0
kout;0
kriminal;0
kriminalis;0
kriminalisasi;0
kriminalitas;0
krisis;0
kritik;0
kritis;0
kroni;0
kronis;0
krusial;0
kualat;0
kuatir;0
kudeta;0
kufur;0
kufur nikmat;0
kumal;0
kuman;0
kumel;0
kumuh;0
kungkung;0
kusta;0
kusut;0
kutu;0
kutuk;0
kutukan;0
labil;0
labrak;0
lacur;0
laknat;0
lalai;0
lalim;0
lama;0
lamban;0
lambat;0
lancang;0
langgar-melanggar;0
lara;0
layu;0
ledek;0
leha-leha;0
lelah;0
lelet;0
lemah;0
lemas;0
lemes;0
lengah;0
lengser;0
lenyap;0
lesbi;0
lesbian;0
lesu;0
letih;0
letoi;0
liar;0
licik;0
limbah;0
limbung;0
ling-lung;0
lintah darat;0
lirih;0
longsor;0
lontang-lantung;0
lonte;0
loyo;0
luka;0
luluh lantak;0
lumpuh;0
lunta;0
luntang-lantung;0
lupa;0
lusuh;0
mabuk;0
mabuk-mabukan;0
macet;0
madat;0
madharat;0
mafia;0
mahal;0
main-main;0
makar;0
maki;0
makian;0
makruh;0
maksiat;0
mala;0
malapetaka;0
malaprakt2k;0
malapraktik;0
malas;0
maling;0
malnutrisi;0
malpraktek;0
malpraktik;0
mamandekkan;0
mamasygulkan;0
mampus;0
mana ada;0
mandek;0
mandul;0
manghantam;0
mangkel;0
mangkir;0
mangu;0
maniak;0
manipulasi;0
manipulatif;0
manipulator;0
marah;0
marah-marah;0
masa bodoh;0
masai;0
masalah;0
masam;0
masgul;0
masokhis;0
masokis;0
masygul;0
materialis;0
materialisme;0
materialistis;0
matre;0
mayat;0
melabrak;0
melacur;0
melacurkan;0
melaknat;0
melalaikan;0
melambat;0
melambat-lambatkan;0
melambatkan;0
melanda;0
melanggar;0
melantur;0
melarang;0
melarat;0
melarikan;0
melas;0
melebih-lebihkan;0
melecehkan;0
meledak;0
meledakkan;0
meledek;0
meledeki;0
melelahkan;0
melemah;0
melemahkan;0
melengahkan;0
melengos;0
melenyapkan;0
melepuh;0
melewati batas;0
melindas;0
melintir;0
melompong;0
melongo;0
melucuti;0
meludah;0
meludahi;0
melukai;0
meluluhlantakkan;0
melumpuhkan;0
melupakan;0
memaki;0
memaksa;0
memaksa-maksa;0
memaksakan;0
memalak;0
memalaki;0
memalingkan;0
memalsukan;0
memalukan;0
memanas-manasi;0
memandulkan;0
memanipulasi;0
memantati;0
memarahi;0
memasung;0
membacok;0
membahayakan;0
membalas dendam;0
membandel;0
membanding-bandingkan;0
membangkang;0
membangkrutkan;0
membanjiri;0
membantah;0
membatalkan;0
membatasi;0
membebankan;0
membeberkan;0
membekas;0
membelenggu;0
membelit;0
membentur;0
memberatkan;0
memberhentikan;0
memberondong;0
membiaskan;0
memblokir;0
membocorkan;0
membodohi;0
membohongi;0
membolos;0
membom;0
membombardir;0
membosankan;0
membual;0
membuang;0
membuang-buang waktu;0
membuat-buat;0
membungkam;0
membunuh;0
memburuk;0
membusuk;0
membutakan;0
membuyarkan;0
memecah belah;0
memecah-belah;0
memecahbelahkan;0
memecat;0
memekakkan;0
memelas;0
memeloroti;0
memfitnah;0
memforsir;0
memidanakan;0
memilukan;0
meminta-minta;0
memiskinkan;0
memojokkan;0
memonopoli;0
memorak-porandakan;0
memoroti;0
memperbodoh;0
memperbudak;0
memperburuk;0
memperbuyar;0
memperdaya;0
mempergunjingkan;0
memperkosa;0
memperlama;0
memperlamban;0
memperlambat;0
memperlemah;0
mempermasalahkan;0
memperolok-olok;0
memperolok-olokkan;0
memperparah;0
mempersadis;0
mempersakit;0
mempersalahkan;0
mempersoalkan;0
mempersukar;0
mempersulit;0
mempersura;0
mempersuram;0
mempersusah;0
mempertakut;0
mempertaruhkan;0
mempertengkarkan;0
memperumit;0
memperusuh;0
mempreteli;0
memprihatinkan;0
mempropaganda;0
mempropagandakan;0
memprotes;0
memprovokasi;0
memukul;0
memukuli;0
memulangkan;0
memundurkan;0
memunggungkan;0
memungkari;0
memungkiri;0
memuntahkan;0
memupuskan;0
memuram;0
memurkai;0
memurtadkan;0
memusingkan;0
memusnahkan;0
memusuhi;0
memutarbalikkan;0
menabrak;0
menafikan;0
menagih;0
menakut-nakuti;0
menakuti;0
menalak;0
menampar;0
menangis;0
menangisi;0
menarikturunkan;0
mencabik-cabik;0
mencabuli;0
mencaci;0
mencaci maki;0
mencak;0
mencak-mencak;0
mencalimi;0
mencampakkan;0
mencampur aduk;0
mencampuradukkan;0
mencancu;0
mencaplok;0
mencari kesalahan;0
mencari muka;0
mencari-cari kesalahan;0
mencatut;0
mencecar;0
mencederai;0
mencekam;0
mencekcoki;0
mencekik;0
mencela;0
mencelakai;0
mencelakakan;0
mencemari;0
mencemaskan;0
mencemburui;0
mencerca;0
mencibir;0
mencolong;0
mencontek;0
mencopet;0
mencopot;0
mencoreng;0
mencret;0
mencuci otak;0
mencuci uang;0
menculik;0
mencurangi;0
mencuri;0
mencurigai;0
mencurigakan;0
mendadak;0
mendaifkan;0
mendalangi;0
mendamprat;0
mendekam;0
mendendam;0
mendengki;0
mendepak;0
mendeportasi;0
menderita;0
mendesak;0
mendhalimi;0
mendholimi;0
mendiskreditkan;0
mendiskriminasi;0
mendiskriminasikan;0
mendiskualifikasi;0
mendiskualifikasikan;0
mendobrak;0
mendompleng;0
mendongkol;0
mendongkolkan;0
mendua;0
menduakan;0
menduga-duga;0
mendukuni;0
mendurhakai;0
mendustai;0
mendustakan;0
mendzalimi;0
menegatifkan;0
menelanjangi;0
menelantarkan;0
menembak;0
menembaki;0
menempeleng;0
menentang;0
meneror;0
menertawai;0
menertawakan;0
menewaskan;0
mengabaikan;0
mengaburkan;0
mengacak-acak;0
mengacau;0
mengacaubalaukan;0
mengacaukan;0
mengadili;0
mengadu domba;0
mengafirkan;0
mengais;0
mengakhiri;0
mengambinghitamkan;0
mengancam;0
menganggur;0
mengarut;0
mengasari;0
mengata-ngatai;0
mengatai;0
mengebiri;0
mengecam;0
mengecewakan;0
mengecilkan hati;0
mengecoh;0
mengekakng;0
mengekang;0
mengeksploitasi;0
mengekspos;0
mengelabui;0
mengelak;0
mengelakkan;0
mengeluh;0
mengeluhkan;0
mengemis;0
mengemplang;0
mengenaskan;0
mengentengkan;0
mengerang;0
mengerangkeng;0
mengerdilkan;0
mengerecoki;0
mengerikan;0
mengeritik;0
mengernyit;0
mengernyitkan;0
mengeroyok;0
mengeruhkan;0
mengesalkan;0
mengesampingkan;0
mengeyel;0
menggampangkan;0
mengganas;0
menggandakan uang;0
mengganggu;0
mengganggu gugat;0
mengganjal;0
menggasab;0
menggasak;0
menggauli;0
menggawat;0
menggebuki;0
menggedor;0
menggegerkan;0
menggelandang;0
menggelapkan;0
menggelepar;0
menggelisahkan;0
menggembar-gemborkan;0
menggentayangi;0
menggerayangi;0
menggerebek;0
menggerepe;0
menggerogoti;0
menggertak;0
menggerutu;0
menggila;0
menggondol;0
menggorok;0
menggosipkanmenggrecoki;0
menggugat;0
menggulingkan;0
mengguna-guna;0
mengguna-gunai;0
menggunduli;0
menggunjing;0
menggunjingkan;0
menggusur;0
menghabisi;0
menghajar;0
menghakimi;0
menghalang-halangi;0
menghalangi;0
menghambat;0
menghambur-hamburkan;0
menghamburkan;0
menghancurkan;0
menghancurleburkan;0
menghanguskan;0
menghantui;0
menghardik;0
menghasut;0
mengherankan;0
menghilang;0
menghilangkan;0
menghina;0
menghujat;0
mengibuli;0
mengidap;0
mengimitasi;0
menginfeksi;0
mengingkari;0
menginjak;0
menginjak-injak;0
mengintil;0
mengintimidasi;0
mengisolasi;0
mengisolasikan;0
mengkhawatirkan;0
mengkhianati;0
mengkritik;0
mengkudeta;0
mengobrak-abrik;0
mengoceh;0
mengolok-olok;0
mengombang ambing;0
mengombangambingkan;0
mengomel;0
mengomeli;0
mengompori;0
mengontaminasi;0
mengoplos;0
mengorbankan;0
mengorup;0
mengorupsi;0
mengotori;0
mengoyak;0
mengoyak-oyak;0
mengoyak-oyakkan;0
mengucilkan;0
mengudeka;0
mengudeta;0
mengufurkan;0
mengulur;0
mengulur-ulur;0
mengumbar;0
mengumpat;0
mengungkung;0
menguntit;0
mengurungkan;0
mengusik;0
mengusir;0
mengutuk;0
mengutuki;0
meniduri;0
menihilkan;0
menikam;0
menilap;0
menilep;0
menimpa;0
menindas;0
meninggal;0
menipu;0
meniru;0
meniru-niru;0
menistakan;0
menjahati;0
menjaili;0
menjajah;0
menjalang;0
menjamah;0
menjambak;0
menjambret;0
menjangkit;0
menjangkiti;0
menjarah;0
menjebak;0
menjegal;0
menjelek-jelekkan;0
menjelekkan;0
menjemukan;0
menjengkelkan;0
menjenuhkan;0
menjerat;0
menjerit;0
menjiplak;0
menjungkirbalikkan;0
menodai;0
menodong;0
menodongkan;0
menohok;0
menolak;0
menonjok;0
menoyor;0
menskors;0
mensomasi;0
mensomasikan;0
mentok;0
menubruk;0
menuding;0
menuduh;0
menuduhkan;0
menular;0
menulari;0
menularkan;0
menumbalkan;0
menumpulkan;0
menunda;0
menunda-nunda;0
menunggak;0
menuntut;0
menurun;0
menusuk;0
menusuk-nusuk;0
menusukkan;0
menutup-nutupi;0
menutupi;0
menyabotase;0
menyabung;0
menyadap;0
menyakiti;0
menyakitkan;0
menyalahartikan;0
menyalahgunakan;0
menyalahi;0
menyalahkan;0
menyamarkan;0
menyampah;0
menyandera;0
menyanggah;0
menyangka;0
menyangkal;0
menyangkut;0
menyangkutpautkan;0
menyangsikan;0
menyantet;0
menyatroni;0
menyayangkan;0
menyayat;0
menyayat-nyayat;0
menyelahgunakan;0
menyesalkan;0
menyia-nyiakan;0
menyiksa;0
menyikut;0
menyilet;0
menyimpang;0
menyindir;0
menyinggung;0
menyobek;0
menyobek-nyobek;0
menyodomi;0
menyogok;0
menyomasi;0
menyombong;0
menyombongkan;0
menyontek;0
menyuap;0
menyudutkan;0
menyulitkan;0
menyulut;0
menyumpahi;0
menyumpel;0
menyundut;0
menyuruh-nyuruh;0
menyusahi;0
menyusahkan;0
menyusupkan;0
menzinahi;0
menzinai;0
meracau;0
meracuni;0
meradang;0
meragu;0
meragukan;0
merajalela;0
merajam;0
merajuk;0
merampas;0
merampok;0
merancukan;0
merapuhkan;0
meratap;0
meratapi;0
merecoki;0
merekayasa;0
meremehkan;0
merendahkan;0
merengek;0
merengek-rengek;0
merenggut;0
merepotkan;0
meresahkan;0
meribut;0
meributkan;0
mericuhkan;0
meringis;0
meringkuk;0
meringkus;0
merintih;0
merisau;0
merisaukan;0
merobek;0
merobek-robek;0
merobohkan;0
merompak;0
merongrong;0
meronta;0
meronta-ronta;0
merosot;0
meruetkan;0
merugi;0
merugikan;0
merumahkan;0
merumitkan;0
merumpi;0
meruncing;0
merundung;0
merunyamkan;0
merusak;0
merusakkan;0
merusuh;0
merusuhi;0
merusuhkan;0
meruwetkan;0
mestinya;0
mesum;0
mewabah;0
meyikut;0
minder;0
minggat;0
minim;0
minta-minta;0
minus;0
miring;0
miris;0
miskin;0
mistis;0
misuh;0
modar;0
mogok;0
molor;0
monopoli;0
monoton;0
morat-marit;0
muak;0
mubazir;0
mucikari;0
mudharat;0
munafik;0
mundur;0
mungkar;0
mungkir;0
muntaber;0
muntah;0
muntahan;0
murahan;0
muram;0
murka;0
murtad;0
murung;0
musibah;0
muslihat;0
musnah;0
mustahil;0
musuh;0
musyrik;0
mutilas;0
mutilasi;0
naas;0
nafi;0
naga-naganya;0
naik turun;0
najis;0
nakal;0
nanar;0
narapidana;0
narkoba;0
narkotik;0
narkotika;0
narsis;0
narsisme;0
negatif;0
nekad;0
nekat;0
nekat-nekat;0
neko-neko;0
nelangsa;0
nepotisme;0
neraka;0
nestapa;0
ngacir;0
ngelantur;0
ngenes;0
ngeri;0
ngerumpi;0
ngeyel;0
ngilu;0
ngotot;0
ngoyo;0
nihil;0
nista;0
njelimet;0
no comment;0
nonkooperatif;0
nonproduktif;0
nonsens;0
norak;0
nyampah;0
nyelekit;0
nyerocos;0
nyinyir;0
obrak-abrik;0
obsesi;0
obsesif;0
obsolet;0
ocehan;0
ogah;0
ogah-ogahan;0
oknum;0
oleng;0
olok-olok;0
olok-olokan;0
ombang-ambing;0
omel;0
omelan;0
onak;0
onar;0
ongkang-ongkang;0
opium;0
oplosan;0
oportunis;0
ostentasi;0
otoriter;0
paceklik;0
padahal;0
padat;0
paedofil;0
pahit;0
pailit;0
paksa;0
paksa-paksa;0
paksaan;0
palak;0
paling banter;0
palsu;0
pamer;0
pamrih;0
pandemi;0
pandemik;0
pandir;0
panik;0
parah;0
paranoia;0
paranoid;0
parasit;0
pas-pasan;0
pasai;0
pasif;0
pasung;0
pasungan;0
payah;0
pecandu;0
pecat;0
pecundang;0
pedih;0
pedofil;0
pelabrakan;0
pelacur;0
pelacuran;0
pelaknatan;0
pelalai;0
pelalaian;0
pelambatan;0
pelampiasan;0
pelanggar;0
pelanggaran;0
pelecehan;0
peledak;0
peledakan;0
pelenyapan;0
pelik;0
pelit;0
pelonco;0
pelumpuhan;0
pelupa;0
pemabuk;0
pemadat;0
pemaksaan;0
pemalakan;0
pemalas;0
pemalsu;0
pemalsuan;0
pemandulan;0
pemarah;0
pemasungan;0
pembacokan;0
pembakar;0
pembakaran;0
pembalakan;0
pembalasan dendam;0
pembangkang;0
pembangkangan;0
pembantah;0
pembantahan;0
pembantaian;0
pembatalan;0
pembatasan;0
pembebanan;0
pembeberan;0
pembelengguan;0
pemberantakan;0
pemblokiran;0
pembobol;0
pembobolan;0
pembocoran;0
pembodohan;0
pembohong;0
pemboikotan;0
pembolos;0
pembolosan;0
pembombardiran;0
pemboros;0
pemborosan;0
pembunuh;0
pembunuh bayaran;0
pembunuhan;0
pemecah belah;0
pemecatan;0
pemerosotan;0
pemfitnah;0
pemforsiran;0
pemogok;0
pemogokan;0
pemojokan;0
pemrotes;0
pemrotesan;0
pemukulan;0
pemurtadan;0
pemusnahan;0
penabok;0
penabokan;0
penabrak;0
penabrakan;0
penakut;0
penalti;0
penampar;0
penamparan;0
penawanan;0
pencabulan;0
pencaci;0
pencaci maki;0
pencacimakian;0
pencaloan;0
pencambukan;0
pencaplok;0
pencaplokan;0
pencari kesalahan;0
pencari muka;0
pencatut;0
pencatutan;0
pencegatan;0
pencekalan;0
pencela;0
pencelaan;0
pencemar;0
pencemaran;0
pencerca;0
pencercaan;0
pencibir;0
pencibiran;0
pencomel;0
pencontek;0
pencontekan;0
pencopet;0
pencopetan;0
pencopotan;0
pencorengan;0
pencuci otak;0
pencuci uang;0
pencucian otak;0
pencucian uang;0
penculik;0
penculikan;0
pencuri;0
pencurian;0
pendakwaan;0
pendalangan;0
pendarahan;0
pendendam;0
pendengki;0
pendepakan;0
pendeportasian;0
penderita;0
pendesakan;0
pendiskriminasian;0
pendiskualifikasian;0
pendobrakan;0
pendoktrin;0
pendoktrinan;0
pendompleng;0
pendomplengan;0
pendosa;0
pendurhaka;0
pendurhakaan;0
pendusta;0
pendustaan;0
penebang;0
penebangan;0
penegatifan;0
penelanjangan;0
penelantaran;0
penembakan;0
penempeleng;0
penempelengan;0
penentang;0
penentangan;0
peneror;0
peneroran;0
pengabaian;0
pengacau;0
pengacauan;0
pengadu domba;0
pengaduan;0
pengangguran;0
pengebirian;0
pengebom;0
pengeboman;0
pengecam;0
pengecaman;0
pengecoh;0
pengecohan;0
pengecut;0
pengekangan;0
pengeksploitasi;0
pengeksploitasian;0
pengekspos;0
pengeksposan;0
pengelabuan;0
pengelakan;0
pengeluh;0
pengembar-gemboran;0
pengemis;0
pengemplang;0
pengeroyokan;0
penggandaan uang;0
pengganggu;0
pengganjalan;0
penggasak;0
penggasakan;0
penggdoran;0
penggembungan;0
penggerebekan;0
penggerogotan;0
penggerutu;0
penggorokan;0
penggosip;0
penggrebekan;0
penggugatan;0
penggulingan;0
penggusuran;0
penghalang;0
penghalang-halangan;0
penghancuran;0
penghancurleburan;0
penghasudan;0
penghasut;0
penghasutan;0
penghinaan;0
penghujat;0
penghujatan;0
pengibul;0
pengibulan;0
pengidap;0
pengingkaran;0
pengisolasian;0
pengkhianat;0
pengkhianatan;0
pengkritik;0
pengomel;0
pengotoran;0
pengucilan;0
pengumpat;0
pengumpatan;0
pengungkungan;0
pengunjuk rasa;0
penguntit;0
pengurungan;0
pengusik;0
pengusir;0
pengusiran;0
penikam;0
penikaman;0
penilap;0
penilapan;0
penilep;0
penilepan;0
penindas;0
penindasa;0
penindasan;0
peninju;0
penipu;0
penipuan;0
peniru;0
penistaan;0
penjajah;0
penjajahan;0
penjambret;0
penjambretan;0
penjarah;0
penjarahan;0
penjatuhan;0
penjegalan;0
penjudi;0
penodong;0
penodongan;0
penolakan;0
penonjok;0
penonjokan;0
pensomasian;0
penular;0
penularan;0
penumpukan;0
penundaan;0
penunggak;0
penunggakan;0
penusuk;0
penusukan;0
penyabotase;0
penyabotasean;0
penyadap;0
penyadapan;0
penyakit;0
penyakitan;0
penyalahan;0
penyalahartian;0
penyalahgunaan;0
penyamun;0
penyandera;0
penyanderaan;0
penyanggah;0
penyanggahan;0
penyangkal;0
penyangkalan;0
penyangsi;0
penyia-nyiaan;0
penyiksa;0
penyiksaan;0
penyikut;0
penyikutan;0
penyimpang;0
penyimpangan;0
penyindir;0
penyindiran;0
penyitaan;0
penyobekan;0
penyodomi;0
penyodomian;0
penyogok;0
penyogokan;0
penyombong;0
penyontekan;0
penyuap;0
penyuapan;0
penyulit;0
penyulitan;0
penyulut;0
penyumpahan;0
penyusahan;0
penyusutan;0
penzamiman;0
peracunan;0
peradangan;0
peragu;0
perampas;0
perampasan;0
perampok;0
perampokan;0
perancuan;0
peratapan;0
percaloan;0
percekcokan;0
percuma;0
perdebatan;0
perdukunan;0
peremehan;0
perenggutan;0
peretak;0
peretakan;0
pergi;0
pergolakan;0
pergunjingan;0
peribut;0
peributan;0
pericuh;0
pericuhan;0
perisauan;0
perjudian;0
perkelahian;0
perlambatan;0
permusuhan;0
perobekan;0
perobohan;0
perompak;0
perompakan;0
peroncean;0
perongrong;0
perongrongan;0
perpecahan;0
perpisahan;0
persabungan;0
persoalan;0
persoalkan;0
pertanggungjawaban;0
pertengkaran;0
pertentangan;0
pertikaian;0
pertumpahan darah;0
perusak;0
perusakan;0
perusuh;0
perusuhan;0
perzinaan;0
perzinahan;0
pesakitan;0
pezina;0
pezinah;0
picik;0
pidana;0
pilu;0
pincang;0
plagiarisme;0
plagiat;0
plagiator;0
plin-plan;0
plintat-plintut;0
polemik;0
politis;0
polusi;0
polutan;0
pongah;0
porak-poranda;0
porno;0
pornoaksi;0
pornografi;0
pornografis;0
porot;0
posesif;0
prahara;0
prasangka;0
prasangka buruk;0
prasejahtera;0
preman;0
pretensi;0
prihatin;0
primitif;0
problem;0
problematik;0
problematika;0
problematis;0
profan;0
profanitas;0
propaganda;0
prostitusi;0
protes;0
provokasi;0
provokatif;0
provokator;0
psikopat;0
psikotropika;0
pukul-memukul;0
pungli;0
pupus;0
pura-pura;0
pusing;0
puso;0
puyeng;0
rabies;0
rabun;0
racau;0
racun;0
radang;0
radikal;0
radikalisasi;0
radikalisme;0
ragu;0
ragu-ragu;0
raib;0
rajam;0
rakus;0
ramak;0
rampas;0
rampasan;0
rampok;0
rampokan;0
rancu;0
rapuh;0
rasis;0
rasisme;0
ratapan;0
rawan;0
rekayasa;0
remeh;0
rendah;0
rendahan;0
rengek;0
renggut;0
rentan;0
rentenir;0
reot;0
repot;0
resah;0
resek;0
resesi;0
residivis;0
restriktif;0
retak;0
retorsi;0
retrogresi;0
rewel;0
rezim;0
riba;0
ribut;0
ricuh;0
ringsek;0
rintih;0
rintihan;0
risau;0
risih;0
risiko;0
riskan;0
riya;0
roboh;0
rodi;0
rompak;0
ronce;0
rongrong;0
rongrongan;0
rongsok;0
rongsokan;0
ronta;0
rugi;0
rumit;0
rumpi;0
runtuh;0
runyam;0
rusak;0
rusuh;0
ruwet;0
sableng;0
sabotase;0
sabu-sabu;0
sabung;0
sadap;0
sadis;0
sadisme;0
sado masokis;0
sajen;0
sakit;0
sakit-sakitan;0
sakiti;0
salah;0
salah arti;0
salah artikan;0
salah guna;0
salah gunakan;0
salah-salah;0
samaran;0
sambit;0
sandera;0
sandewa;0
sandungan;0
sanggah;0
sanggahan;0
sangkaan;0
sangkal;0
sangkalan;0
sangsi;0
sanksi;0
santer;0
santet;0
sarkasme;0
sarkastik;0
sayangkan;0
scripted;0
sebaliknya;0
sebatas;0
secuil;0
sedih;0
seemosional;0
seenaknya;0
sefanatik;0
segelintir;0
seharusnya;0
sekehendak;0
sekptis;0
sembarang;0
sembunyi;0
sembunyi tangan;0
sengketa;0
sesuka hati;0
sesukanya;0
sesumbar;0
setengah-setengah;0
seterpuruk;0
sewenang-wenang;0
seyogyanya;0
sia-sia;0
sial;0
sialan;0
siksa;0
siksaan;0
sikut-menyikut;0
sikut-sikutan;0
silang segketa;0
siluman;0
simpang siur;0
sindikat;0
sindir;0
sindir-menyindir;0
sindiran;0
sinis;0
sinisme;0
sinting;0
sinyalir;0
sirik;0
sirikan;0
sita;0
sitaan;0
siwer;0
skandal;0
skeptis;0
skors;0
slebor;0
soak;0
sodomi;0
sogok;0
sogokan;0
somasi;0
sombong;0
songong;0
sontoloyo;0
spekulan;0
spekulasi;0
stagnan;0
stagnasi;0
statis;0
stres;0
striptis;0
stroke;0
suap;0
subjektif;0
subyektif;0
sudah padat;0
sudah penuh;0
suka-suka;0
sukar;0
sukarnya;0
sulit;0
sulitnya;0
sumpah serapah;0
sumpek;0
sundal;0
suram;0
surat kaleng;0
susah;0
susah hati;0
susahnya;0
susuk;0
suudon;0
suudzan;0
suudzon;0
suuzan;0
syahwat;0
syirik;0
syok;0
syubhat;0
syur;0
tabok;0
tabrakan;0
tabu;0
tagih;0
tagihan;0
tahanan;0
tahi;0
tak berkesudahan;0
tak punya biaya;0
takabur;0
takhayul;0
takut;0
tamak;0
tampar;0
tamparan;0
tandus;0
tanggung;0
tangis;0
tangisan;0
taruhan;0
tawan;0
tawanan;0
tawuran;0
tedeng aling-aling;0
tega;0
tegaan;0
tekanan;0
telantar;0
telantarkan;0
telat;0
teler;0
teluh;0
tembak;0
tembakan;0
tempeleng;0
tempelengan;0
temperamen;0
temperamental;0
tenggelam;0
tengik;0
tengil;0
tengkulak;0
teperdaya;0
terabaikan;0
teracun;0
teracuni;0
teradu domba;0
terampas;0
terampok;0
terancam;0
terancukan;0
terbakar;0
terbalik;0
terbaring;0
terbata-bata;0
terbatuk-batuk;0
terbebani;0
terbeberkan;0
terbelenggu;0
terbelit;0
terbengkalai;0
terbengong-bengong;0
terbentur;0
terblokir;0
terbohongi;0
terboikot;0
terboros;0
terbosan;0
terbujur kaku;0
terbunuh;0
tercabik;0
tercabik-cabik;0
tercabul;0
tercampakkan;0
tercederai;0
tercegat;0
tercekal;0
tercekik;0
tercela;0
tercemar;0
tercengeng;0
terceroboh;0
tercongkak;0
tercopet;0
tercoreng;0
tercoreng-moreng;0
tercurang;0
terdaif;0
terdakwa;0
terdampar;0
terdamprat;0
terdegradasi;0
terdepak;0
terdeportasi;0
terdesak;0
terdhaif;0
terdhalim;0
terdhalimi;0
terdholim;0
terdholimi;0
terdiskriminasi;0
terdiskualifikasi;0
terdoktrin;0
terdompleng;0
terdungu;0
terdurhaka;0
terdurjana;0
terdzalim;0
terdzalimi;0
teredan;0
teregois;0
tereksploitasi;0
terekspos;0
terekstrem;0
terekstrim;0
terengah-engah;0
terenggut;0
terfatal;0
tergagap-gagap;0
terganggu;0
terganjal;0
tergeletak;0
tergesa-gesa;0
tergopoh;0
tergopoh-gpoh;0
terguncang;0
tergusur;0
terhalang;0
terhambat;0
terhasut;0
terheran-heran;0
terhina;0
teriakan;0
teribut;0
tericuh;0
terinfeksi;0
terinjak-injak;0
terisak;0
terisolasi;0
terisolir;0
terjajah;0
terjerat;0
terkapar;0
terkasar;0
terkatung-katung;0
terkebiri;0
terkecoh;0
terkekang;0
terkendala;0
terkibuli;0
terkontaminasi;0
terkorup;0
terkorupsi;0
terkotor;0
terkotori;0
terkoyak;0
terkucil;0
terkulai;0
terkungkung;0
terkutuk;0
terlalai;0
terlalaikan;0
terlalu;0
terlalu murah;0
terlambat;0
terlampau;0
terlanggar;0
terlantar;0
terlemah;0
terlena;0
terletih;0
terlicik;0
terloyo;0
terluka;0
terlunta;0
terlunta-lunta;0
terlupa;0
termakan;0
ternista;0
ternoda;0
ternodai;0
terombang-ambing;0
teror;0
teroris;0
terorisme;0
terpaksa;0
terpecah;0
terpecah belah;0
terpecah-pecah;0
terpeleset;0
terpengaruh;0
terperdaya;0
terpidana;0
terpinggirkan;0
terpojok;0
terpojokkan;0
terprovokasi;0
terpukul;0
terpuruk;0
terputus;0
tersableng;0
tersabotase;0
tersadis;0
tersaingi;0
tersakit;0
tersakiti;0
tersalah;0
tersalahartikan;0
tersalahgunakan;0
tersandera;0
tersandung;0
tersangka;0
tersangsikan;0
tersantet;0
tersayat;0
terserang;0
terseret;0
tersesat;0
tersia-siakan;0
tersial;0
tersiksa;0
tersikut;0
tersindir;0
tersinggung;0
tersingkap;0
tersinis;0
tersinting;0
tersisih;0
terslebor;0
tersombong;0
terstagnan;0
terstres;0
tersudut;0
tersukar;0
tersulit;0
tersulut;0
tersumbat;0
tersumpek;0
tersungkur;0
tersuntuk;0
tersuram;0
tersusah;0
tertabrak;0
tertampar;0
tertandus;0
tertangkap;0
tertatih-tatih;0
tertembak;0
tertembus;0
tertikam;0
tertindas;0
tertinggal;0
tertipu;0
tertohok;0
tertolol;0
tertuduh;0
tertular;0
tertulari;0
tertunda;0
tertunduk;0
tertusuk;0
terusik;0
terusir;0
terzalim;0
terzalimi;0
tetek bengek;0
tewas;0
tewaskan;0
tidak ada biaya;0
tidak ada uang;0
tidak akan tercatat;0
tidak berdaya;0
tidak berkesudahan;0
tidak bernyawa;0
tidak dapat dieksekusi;0
tidak hanya;0
tidak mungkin;0
tidak pernah disebutkan;0
tidak punya dana;0
tifus;0
tikam;0
tikam-menikam;0
tikaman;0
tilap;0
tilep;0
timpang;0
tindas;0
tipikor;0
tipu;0
tipu tipuan;0
tiran;0
tirani;0
tiru;0
tiruan;0
todong;0
togel;0
tohok;0
tolol;0
tornado;0
toyor;0
tragedi;0
tragis;0
trauma;0
traumatis;0
tremor;0
tsunami;0
tuak;0
tuba;0
tubrukan;0
tuding;0
tuding-menuding;0
tudingan;0
tuduh;0
tuduh-menuduh;0
tuduhan;0
tumbal;0
tumbang;0
tumpang tindih;0
tumpang-tindih;0
tuna susila;0
tunasusila;0
tunggak;0
tunggakan;0
tunggang langgang;0
tuntutan;0
turun;0
tutup;0
tutup mata;0
uang haram;0
udal-ugalan;0
udik;0
ugal-ugalan;0
ujub;0
umbar;0
umpat;0
umpatan;0
uneg-uneg;0
unek-unek;0
unjuk rasa;0
untung-untungan;0
urakan;0
urgent;0
uring-uringan;0
urung;0
usang;0
usik;0
usil;0
usir;0
utang;0
vandal;0
vandalisme;0
vendeta;0
virulen;0
virus;0
vulgar;0
wabah;0
waduh;0
wanti-wanti;0
was-was;0
waspada;0
waswas;0
zalim;0
zina;0
zinah;0
zionis;0
aduh;0
labil;0
dunia gemerlap;0
asal jadi;0
hancur;0
anjing;0
apa sih;0
sial;0
asal bunyi;0
asam;0
asli tapi palsu;0
asli tetapi palsu;0
asal tulis;0
tidak mau tahu;0
awas;0
banyak bicara;0
balas;0
nakal;0
basi;0
banci;0
bosan;0
bingung;0
benci;0
bohong;0
nekat;0
bodoh;0
bubar;0
bubarkan;0
makelar;0
capek;0
cari perhatian;0
cari muka;0
jelek;0
tidak ada uang;0
tidak punya uang;0
cegah tangkal;0
penakut;0
pendek;0
ganja;0
tidak acuh;0
cuek;0
culun;0
pencurian kendaraan bermotor;0
kekerasan;0
dihancurkam;0
digosipkan;0
playboy;0
emang gue pikirin;0
makan teman;0
cemburu;0
gagap teknologi;0
gagal total;0
sangar;0
tidak mau;0
tidak tahu;0
gelandangan;0
pengemis;0
gila;0
gigi nongol;0
gigi mancung;0
tidak jelas;0
goblok;0
bahan peledak;0
hilang;0
mengeluh;0
keluhan;0
tidak suka;0
jarang dibelai;0
jaga image;0
tidak lucu;0
jijik;0
galak;0
kabur;0
kacau;0
terlanjur;0
keras kepala;0
mau tahu;0
ketahuan;0
komunis;0
garing;0
kurang pergaulan;0
imitasi;0
kecelakaan;0
berlebihan;0
lemah;0
lawan;0
bolos;0
macam-macam;0
suram;0
gaji buta;0
memaksa;0
memalukan;0
makelar kasus;0
minuman keras;0
malas;0
mahal;0
melulu;0
pusing;0
munafik;0
muntah;0
menangis;0
narapidana;0
narkotika;0
alkohol;0
psikotropika;0
adiktif;0
obat terlarang;0
terlarang;0
tidak punya pekerjaan;0
marah;0
terlambat;0
bicara sembarangan;0
sembarangan;0
bandel;0
berkilah;0
bicara terus-terusan;0
merampok;0
berbohong;0
iri;0
ikut campur;0
bertumpuk;0
omomg doang;0
out of topic;0
sampah;0
tuna susila;0
penjahat kelamin;0
pelacur;0
lacur;0
sodomi;0
miskin;0
ribet;0
kriminal;0
salah tingkah;0
salah kostum;0
sombong;0
sok tahu;0
sok;0
rugi;0
telat berpikir;0
menyebalkan;0
terkapar;0
pelanggaran;0
toto gelap;0
tai;0
wanita pria;0
what the fuck;0
what the hell;0
ya sudah;0
ck;0
sial;0
nestapa;0
porno;0
mengklaim;0
sulit;0
ribet;0
norak;0
ahli;1
absah;1
absolut;1
acuan;1
afdol;1
akademisi;1
akan bayar;1
akbar;1
akrab;1
aktif;1
aktualisasi;1
akur;1
akurat;1
alami;1
alamiah;1
alhamdulillah;1
alim;1
amal;1
aman;1
amboi;1
ampuh;1
andal;1
andalan;1
anggukan;1
anggun;1
animo;1
anjuran;1
anteng;1
antusias;1
antusiasme;1
anugrah;1
apresiasi;1
arahan;1
ayo;1
bagus;1
bahagia;1
baik;1
bakat;1
bakti;1
bangga;1
bangkit;1
bantu;1
bantuan;1
banyak;1
beasiswa;1
becus;1
bekal;1
beken;1
belajar;1
bela;1
benah;1
benar;1
bening;1
berani;1
betul;1
bhinneka;1
bijak;1
bijaksana;1
bisa;1
bismillah;1
bonus;1
brilian;1
budiman;1
cakap;1
cakep;1
canggih;1
cekatan;1
cemerlang;1
cendekia;1
cendekiawan;1
cepat;1
cerdas;1
cerdik;1
ceria;1
cermat;1
cita;1
cocok;1
cukup;1
damai;1
demokrasi;1
demokratis;1
devisa;1
dewasa;1
doakan;1
donasi;1
donatur;1
donor;1
dorong;1
dukungan;1
dukung;1
dzikir;1
edukasi;1
edukatif;1
efektif;1
efisien;1
ekonomis;1
ekspres;1
elegan;1
elite;1
elok;1
eloknya;1
empati;1
enak;1
enak-enak;1
enteng;1
esensial;1
estetik;1
tetap;1
estetis;1
etis;1
evaluasi;1
faedah;1
fakta;1
faktual;1
fantastis;1
hati;1
fasih;1
favorit;1
fenomenal;1
fitrah;1
gagah;1
gampang;1
ganteng;1
gapai;1
gemilang;1
genius;1
genjot;1
giat;1
gigih;1
gratis;1
gunanya;1
hadiah;1
hakiki;1
halal;1
handal;1
harapan;1
harmoni;1
harmonis;1
hebat;1
heroik;1
hibah;1
hibur;1
hidayah;1
hidup;1
hikmah;1
hits;1
hoki;1
hore;1
hormat;1
humor;1
ibadah;1
ideal;1
ikhtiar;1
iktikad;1
ilmiah;1
iman;1
indah;1
informatif;1
inisiatif;1
inovasi;1
inovatif;1
inovator;1
insaf;1
insan;1
insentif;1
inspirasi;1
integritas;1
intelek;1
intelektual;1
intensif;1
islami;1
itikad;1
itikaf;1
izin;1
jago;1
jawaban;1
jelas;1
jelaskan;1
jenius;1
juara;1
jujur;1
kagum;1
kaji;1
kamil;1
kampiun;1
karunia;1
kasih;1
keren;1
kerja;1
kharisma;1
kharismatik;1
khidmat;1
khusyuk;1
klarifikasi;1
kokoh;1
kolaborasi;1
komersial;1
komitmen;1
kompak;1
kompeten;1
komunikasi;1
komunikatif;1
kondusif;1
konfirmasi;1
konkret;1
konsisten;1
konsistensi;1
kooperatif;1
koordinasi;1
kreasi;1
kreatif;1
kreativitas;1
kuat;1
lancar;1
langgeng;1
layak;1
lega;1
legal;1
legenda;1
leluasa;1
lembut;1
lincah;1
logis;1
loyal;1
loyalitas;1
lucu;1
luhur;1
lulus;1
lunas;1
luwes;1
mahir;1
maju;1
makan;1
makmur;1
mampu;1
mandiri;1
manfaat;1
manjur;1
mantap;1
megah;1
memadai;1
menang;1
merdu;1
momentum;1
motivasi;1
mudah;1
mujur;1
mulia;1
mulus;1
mumpuni;1
murah;1
murni;1
musyawarah;1
mutakhir;1
naik;1
nikmat;1
normal;1
nyaman;1
optimis;1
pahlawan;1
pakar;1
pandai;1
pantas;1
panutan;1
patuh;1
peduli;1
pegangan;1
pejuang;1
pekerti;1
penting;1
percaya;1
pintar;1
populer;1
positif;1
potensi;1
praktis;1
prestasi;1
prioritas;1
produktif;1
profesional;1
profit;1
puas;1
pulih;1
rahman;1
rahmat;1
rajin;1
ramah;1
rampung;1
rapi;1
realistis;1
reformasi;1
rekonsiliasi;1
relawan;1
relevan;1
relevansi;1
renungan;1
resmi;1
responsif;1
revolusioner;1
rezeki;1
riang;1
rida;1
ridha;1
ridho;1
rido;1
riset;1
rohmat;1
rukun;1
sabar;1
sadar;1
sangkal;1
salut;1
sanggup;1
santun;1
sayang;1
sejalan;1
selamat;1
selaras;1
selesai;1
semangat;1
semoga;1
senang;1
serius;1
sesuai;1
setuju;1
sholeh;1
siap;1
silahkan;1
silaturahmi;1
simpati;1
sistematik;1
sistematis;1
siuman;1
sobat;1
peraih;1
sohib;1
solid;1
solidaritas;1
solider;1
solusi;1
sopan;1
sopan santun;1
sorga;1
spektakuler;1
spesial;1
sportif;1
sportivitas;1
stabil;1
steril;1
strategis;1
subsidi;1
suci;1
sukses;1
syukuran;1
taat;1
tahu;1
talenta;1
tampan;1
tangguh;1
taubat;1
tauladan;1
tawaduk;1
tawakal;1
tegar;1
tegas;1
teguh;1
tekad;1
tekun;1
teladan;1
tenteram;1
tentram;1
tepati;1
terawat;1
toleran;1
toleransi;1
plus;1
bintang;1
tertawa;1
tawa;1
kuasa;1
pilih;1
bungkar;1
relokasi;1
revitalisasi;1
pasukan;1
absah;1
absolut;1
acuan;1
afdol;1
ahli;1
akademisi;1
akan bayar;1
akbar;1
akrab;1
aktif;1
aktualisasi;1
akur;1
akurat;1
alami;1
alamiah;1
alhamdulillah;1
alim;1
alim ulama;1
amal;1
amal jariah;1
aman;1
aman-aman;1
amboi;1
ampuh;1
anak emas;1
andal;1
andalan;1
anggukan;1
anggun;1
animo;1
anjuran;1
anteng;1
antusias;1
antusiasme;1
anugrah;1
apresiasi;1
arahan;1
atensi;1
ayo;1
bagus;1
bahagia;1
bahagiakan;1
bahagian;1
bahu-membahu;1
baik;1
baik-baik;1
bajik;1
bakat;1
bakti;1
bala bantuan;1
balas budi;1
balas jasa;1
bangga;1
bangkit;1
bantu;1
bantuan;1
banyak;1
banyak-banyak;1
beasiswa;1
bebas banjir;1
bebas hambatan;1
bebas murni;1
becus;1
bekal;1
beken;1
bekerja keras;1
bekerja sama;1
belajar;1
belas kasih;1
benah;1
benar;1
bening;1
berakal;1
berakhlak;1
beramal;1
beraneka ragam;1
berangkulan;1
berani;1
berbagi;1
berbahagia;1
berbaikan;1
berbakat;1
berbakti;1
berbangga;1
berbinar-binar;1
berbobot;1
berbudaya;1
berbudi;1
berbunga-bunga;1
bercahaya;1
berdamai;1
berdaulat;1
berdaya;1
berdaya guna;1
berdaya upaya;1
berdecak kagum;1
berdikari;1
berempati;1
beretika;1
beretiket;1
berfaedah;1
berfungsi;1
bergandengan;1
bergizi;1
bergotong-royong;1
berguna;1
berhadiah;1
berharap;1
berharga;1
berhasil;1
berhemat;1
berihtiar;1
berijtihad;1
berikhtiar;1
berikrar;1
beriktikad;1
beriman;1
berimbang;1
berinisiatif;1
berinovasi;1
beritikad;1
berjaya;1
berkembang pesat;1
berkesinambungan;1
berkhasiat;1
berkibar;1
berkontribusi;1
berkoordinasi;1
berkreasi;1
berkualitas;1
berlimpah;1
bermaaf-maafan;1
bermanfaat;1
berminat;1
bermoral;1
bermusyawarah;1
berniat;1
berolah raga;1
berpeluang;1
berpelukan;1
berpengalaman;1
berprestasi;1
bersabar;1
bersahabat;1
bersahaja;1
bersalam-salaman;1
bersalaman;1
bersama;1
bersama-sama;1
bersatu;1
bersatu padu;1
bersedia;1
bersesuaian;1
bersilaturahmi;1
bersimpati;1
bersinergi;1
bersopan santun;1
bersorak;1
bersorak sorai;1
bersosialisasi;1
bersukaria;1
bersyukur;1
bertahan;1
bertahap;1
bertalenta;1
bertasawuf;1
bertasbih;1
bertasyakur;1
bertaubat;1
bertawakal;1
bertekad;1
bertepa salira;1
berterima kasih;1
berterus terang;1
bertobat;1
beruntung;1
berupaya;1
berusaha;1
berwawasan;1
berwibawa;1
berzakat;1
berzikir;1
betul;1
bhinneka;1
bibit unggul;1
bijak;1
bijaksana;1
bintang kelas;1
bintang lapangan;1
bintang panggung;1
bisa;1
bismillah;1
bombastis;1
bonafid;1
bonafide;1
bonafit;1
bonus;1
brilian;1
buah hati;1
buah karya;1
budi pekerti;1
budiman;1
cakap;1
cakep;1
canggih;1
cekatan;1
cemerlang;1
cendekia;1
cendekiawan;1
cepat;1
cerdas;1
cerdik;1
ceria;1
cermat;1
cermati;1
cita;1
cita-cita;1
cocok;1
cukup;1
cuma-cuma;1
damai;1
daur ulang;1
daya guna;1
daya gunakan;1
daya upaya;1
decak kagum;1
demokrasi;1
demokratis;1
devisa;1
dewasa;1
diaktifkan;1
diakui;1
diakurkan;1
diamini;1
diaminkan;1
diandalkan;1
dianjurkan;1
dianugerahi;1
dianugerahkan;1
dianugrahkan;1
diarahkan;1
dibaguskan;1
dibahagiakan;1
dibaikkan;1
dibanggakan;1
dibantu;1
dibekali;1
dibekalkan;1
dibela;1
dibenahi;1
diberdayakan;1
diberitahu;1
dibina;1
dicapai;1
dicerdaskan;1
diceriakan;1
dicermati;1
dicermatkan;1
didamaikan;1
didaur ulang;1
didayagunakan;1
didayaupayakan;1
didik;1
didonasikan;1
didonorkan;1
diedukasi;1
diedukasikan;1
diefektifkan;1
difavoritkan;1
digalakkan;1
digandrungi;1
digapai;1
digratiskan;1
dihadiahi;1
dihadiahkan;1
dihargai;1
diharmoniskan;1
dihemat;1
dihibur;1
dihijaukan;1
dihormati;1
dikaji kembali;1
dikakgumi;1
dikaruniai;1
dikaruniakan;1
dikaryakan;1
dikasihi;1
diketahui;1
diklarifikasi;1
dikokohkan;1
dikukuhkan;1
dilancarkan;1
dilanggengkan;1
dilapangi;1
dilapangkan;1
dilegakan;1
dilerai;1
dilestarikan;1
dilimpahkan;1
dilindungi;1
diluhurkan;1
dilunasi;1
dimaafkan;1
dimerdekakan;1
diminati;1
dimotivasi;1
dimudahkan;1
dimuliakan;1
dioptimalkan;1
dipahami;1
dipathui;1
dipatuhi;1
dipelajari;1
dipenuhi;1
diperbagus;1
diperbaiki;1
diperbantukan;1
diperbarui;1
diperbenar;1
dipercakap;1
dipercakep;1
dipercanggih;1
dipercantik;1
dipercaya;1
dipercepat;1
diperdamai;1
diperelok;1
dipererat;1
diperkenankan;1
diperlancar;1
diperlapang;1
dipermudah;1
dipersatukan;1
dipersolid;1
dipertampan;1
diprioritaskan;1
diproses;1
dipuaskan;1
dipulihkan;1
diraih;1
dirampungkan;1
dirangkul;1
dirapihkan;1
dirapikan;1
dirawat;1
direnungi;1
direnungkan;1
direstui;1
diridai;1
diridhai;1
diridhoi;1
diridoi;1
dirohmati;1
dirukunkan;1
disadarkan;1
disanjung;1
disanjung-sanjung;1
disantuni;1
disapu bersih;1
disatukan;1
disayangi;1
diserahkan;1
disetujui;1
disingsingkan;1
disolidkan;1
distabilkan;1
disterilkan;1
distimulasi;1
disubsidi;1
disucikan;1
disukai;1
disukseskan;1
disyukuri;1
ditaati;1
ditabahkan;1
ditauladani;1
ditekuni;1
diteladani;1
ditenangkan;1
ditenteramkan;1
ditentramkan;1
ditepati;1
diterangi;1
diterima;1
ditertibkan;1
ditindaklanjuti;1
ditolong;1
dituntun;1
diunggulkan;1
diuntungkan;1
diupayakan;1
diusahakan;1
diutamakan;1
doakan;1
donasi;1
donatur;1
donor;1
dorong;1
dukungan;1
dzikir;1
edukasi;1
edukatif;1
efektif;1
efisien;1
ekonomis;1
ekspres;1
elegan;1
elite;1
elok;1
eloknya;1
empati;1
enak;1
enak-enak;1
enteng;1
esensial;1
estetik;1
estetis;1
etis;1
evaluasi;1
faedah;1
fakta;1
faktual;1
fantastis;1
fasih;1
favorit;1
fenomenal;1
final;1
fitrah;1
gagah;1
gampang;1
ganteng;1
gapai;1
gegap gempita;1
gemilang;1
genius;1
genjot;1
giat;1
gigih;1
gilang-gemilang;1
gotong-royong;1
gratis;1
gunanya;1
hadiah;1
hak mutlak;1
hakikat;1
hakiki;1
halal;1
halal bihalal;1
halalbihalal;1
handal;1
happy;1
harapan;1
harapkan;1
harmoni;1
harmonis;1
harmonisasi;1
hebat;1
heroik;1
hibah;1
hibur;1
hidayah;1
hidmat;1
hidup;1
higienis;1
hikmah;1
hits;1
hoki;1
hore;1
hormat;1
hormat-menghormati;1
hormati;1
humoris;1
husnul khatimah;1
ibadah;1
ideal;1
ihsan;1
ihtiar;1
ijtihad;1
ikhlas;1
ikhtiar;1
iktikad;1
ilmiah;1
iman;1
impresif;1
imut-imut;1
indah;1
informatif;1
inisiatif;1
inovasi;1
inovatif;1
inovator;1
insaf;1
insan;1
insan kamil;1
insentif;1
inspirasi;1
insya allah;1
integritas;1
intelek;1
intelektual;1
inteligensi;1
inteligensia;1
intensif;1
irit;1
islami;1
istikharah;1
istimewa;1
istiqamah;1
itikad;1
itikaf;1
izin;1
jago;1
jagoan;1
jangan dulu;1
jawaban;1
jelas;1
jelaskan;1
jempolan;1
jenius;1
juara;1
jujur;1
kagum;1
kaji;1
kamil;1
kampiun;1
kapabel;1
karib;1
karisma;1
karismatik;1
karunia;1
kasih;1
keakraban;1
keanggunan;1
kebaikan;1
kebajikan;1
kebanggaan;1
kebenaran;1
keberhasilan;1
kebersamaan;1
keberuntungan;1
kebulatan suara;1
kebulatan tekad;1
kecakapan;1
kecekatan;1
kecemerlangan;1
keelokan;1
kegemilangan;1
kegeniusan;1
kegigihan;1
kehebatan;1
kehormatan;1
keikhlasan;1
keindahan;1
keistimewaan;1
kejayaan;1
kejelasan;1
kejeniusan;1
kejujuran;1
kekaguman;1
kekeluargaan;1
kekhidmatan;1
kekhusukan;1
kekhusyukan;1
kelancaran;1
kelapangan;1
kelebihan;1
kelembutan;1
kelezatan;1
kemajuan;1
kemakmuran;1
kemampuan;1
kemandirian;1
kemantapan;1
kemenangan;1
kemeriahan;1
kemudahan;1
kemuliaan;1
kenikmatan;1
kenyamanan;1
kepedulian;1
kepercayaan;1
keramahan;1
keren;1
keridaan;1
keridhaan;1
keridhoan;1
keridoan;1
kerja;1
kerukunan;1
kesabaran;1
kesanggupan;1
keselarasan;1
kesepakatan;1
kesesuaian;1
keshalehan;1
kesinambungan;1
kesopanan;1
kesuksesan;1
ketaatan;1
ketabahan;1
ketawakalan;1
ketegarab;1
ketekunan;1
keteladanan;1
ketenangan;1
ketentraman;1
keterbukaan;1
ketertiban;1
keunggulan;1
keuntungan;1
kewajiban;1
kewenangan;1
keyakinan;1
kharisma;1
kharismatik;1
khidmat;1
khusyuk;1
klarifikasi;1
kokoh;1
kolaborasi;1
komersial;1
komfortabel;1
komitmen;1
kompak;1
kompatibel;1
kompeten;1
kompetensi;1
komplet;1
komprehensif;1
komunikasi;1
komunikatif;1
kondusif;1
konfirmasi;1
konform;1
konkret;1
konsisten;1
konsistensi;1
konstan;1
kontinu;1
kooperatif;1
koordinasi;1
kreasi;1
kreatif;1
kreativitas;1
kuat;1
lailatul kadar;1
lailatul qadar;1
lailatulkadar;1
lailatulqadar;1
lancar;1
langgeng;1
langsing;1
laporkan;1
layak;1
lega;1
legal;1
legendaris;1
leluasa;1
lembut;1
lerai;1
lezat;1
lincah;1
logis;1
lolos;1
loyal;1
loyalitas;1
luar biasa;1
lucu;1
luhur;1
lulus;1
lunas;1
luwes;1
mabrur;1
mahir;1
maju;1
makan;1
makmur;1
mampu;1
mandiri;1
manfaat;1
manjur;1
mantap;1
masuk akal;1
masukan;1
masyhur;1
megah;1
melancarkan;1
melanggengkan;1
melapangkan;1
melaporkan;1
melegakan;1
melerai;1
meleraikan;1
melestarikan;1
melezatkan;1
melindungi;1
meluhurkan;1
melunasi;1
meluruskan;1
memaafkan;1
memadai;1
memahami;1
memajukan;1
memakmurkan;1
memantapkan;1
mematuhi;1
membaguskan;1
membahagiakan;1
membaik;1
membalas budi;1
membanggakan;1
membangkitkan;1
membangun;1
membantu;1
membawa revolusi;1
membenahi;1
memberbaiki;1
memberdayakan;1
memberi kesempatan;1
memberikan kesempatan;1
membesarkan;1
membetulkan;1
membulatkan hati;1
membulatkan tekad;1
memenagkan;1
memenangkan;1
memenuhi;1
memenuhi persyaratan;1
memerdekakan;1
memopulerkan;1
memotivasi;1
memperaman;1
memperbagus;1
memperbaiki;1
memperbantukan;1
memperbarui;1
mempercanggih;1
mempercantik;1
mempercerdas;1
memperdamai;1
mempererat;1
memperhatikan;1
memperindah;1
memperlancar;1
memperlapang;1
mempermudah;1
mempersatukan;1
mempersiapkan;1
mempersolid;1
mempersukses;1
mempertampan;1
mempertemukan;1
mempertimbangkan;1
memuaskan;1
memudahkan;1
memuji;1
memukau;1
memuliakan;1
memulihkan;1
memurnikan;1
memusyawarahkan;1
menaati;1
menakjubkan;1
menang;1
menarik;1
menauladani;1
mencerahkan;1
mencerdaskan;1
menceriakan;1
mendamaikan;1
mendapat tempat;1
mendayagunakan;1
mendayaupayakan;1
mendonasikan;1
mendonorkan;1
mendorong;1
mendukung;1
menegakkan;1
meneladani;1
menenangkan;1
menengahi;1
menentramkan;1
menepati;1
menerima;1
menertibkan;1
menetapkan;1
mengagumi;1
mengagumkan;1
mengakrabkan;1
mengakurkan;1
mengamankan;1
mengandalkan;1
menganjurkan;1
mengantisipasi;1
menganugerahi;1
menganugrahi;1
menganugrahkan;1
mengasah;1
mengedukasi;1
mengedukasikan;1
mengefektifkan;1
mengerti;1
menggalakkan;1
menggapai;1
menggenjotkan;1
menggiatkan;1
menggugah;1
menghadiahkan;1
menghadiri;1
menghargai;1
mengharmoniskan;1
mengharu biru;1
mengharukan;1
mengharumkan;1
menghayati;1
menghemat;1
menghentikan;1
menghibur;1
menghijaukan;1
menghormati;1
mengilhami;1
mengimbangi;1
mengingatkan;1
menginovasikan;1
menginsafi;1
menginsafkan;1
menginspirasi;1
menginspirasikan;1
mengisi;1
mengokohkan;1
mengoptimalkan;1
mengukuhkan;1
mengulurkan tangan;1
mengungguli;1
mengungkap;1
mengungkap kasus;1
menguntungkan;1
mengupayakan;1
mengusahakan;1
menimba ilmu;1
menindak;1
menindaklanjuti;1
meningkat;1
meningkatkan;1
menjadi sama;1
menjaga;1
menjaring;1
menjawab;1
menjembatani;1
menjernihkan;1
menjinakkan;1
menjiwai;1
menolong;1
menstabilkan;1
mensucikan;1
mensyukuri;1
mentaati;1
menunaikan;1
menunjang;1
menuntun;1
menyadari;1
menyadarkan;1
menyayangi;1
menyeimbangkan;1
menyelamatkan;1
menyelaraskan;1
menyelesaikan;1
menyesuaikan;1
menyetujui;1
menyinergikan;1
menyingkronkan;1
menyingsingkan;1
menyinkronkan;1
menyucikan;1
menyukai;1
menyukseskan;1
merahmati;1
meraih;1
merampungkan;1
merangkul;1
merapihkan;1
merapikan;1
merawat;1
merdu;1
meremajakan;1
merenungi;1
merenungkan;1
merestui;1
meriah;1
meridai;1
meridhai;1
meridhoi;1
meridoi;1
meringankan;1
merohmati;1
merukunkan;1
momentum;1
motivasi;1
mudah;1
mudah-mudahan;1
mufakat;1
mujarab;1
mujur;1
mulia;1
multi fungsi;1
multi guna;1
multifungsi;1
multiguna;1
mulus;1
mumpuni;1
murah;1
murni;1
mustajab;1
musyawarah;1
mutakhir;1
naik;1
ngetop;1
ngetren;1
nikmat;1
nilai tambah;1
nomor wahid;1
normal;1
nyaman;1
objektif;1
obyektif;1
ok;1
optimal;1
optimis;1
optimisme;1
optimistis;1
orisinal;1
orisinalitas;1
orisinil;1
pahlawan;1
pakar;1
pandai;1
pantas;1
panutan;1
patroli;1
patuh;1
peduli;1
pegangan;1
pejuang;1
pekerti;1
pelancaran;1
pelayanan;1
peleraian;1
pelestarian;1
pelipur;1
pemaaf;1
pemantapan;1
pembangunan negara;1
pembangunan umat;1
pembaruan;1
pembenahan;1
pemberdayaan;1
pembulatan tekad;1
pemeriksaan;1
pemersatu;1
pemersatuan;1
pencari ilmu;1
pencarian;1
pencerahan;1
pendidik;1
pendonasian;1
pendonor;1
penegakan;1
penemu;1
penengah;1
penerang;1
pengampunan;1
pengantisipasian;1
penganugerahan;1
pengembangan;1
pengertian;1
penggalakan;1
penggiatan;1
penggugah;1
penghargaan;1
penghijauan;1
pengoptimalan;1
peningkatan;1
penjelasan;1
penjernihan;1
penolong;1
penstabilan;1
penting;1
penuntun;1
penurut;1
penyabar;1
penyantun;1
penyantunan;1
penyatuan;1
penyayang;1
penyuksesan;1
peran kunci;1
perbaikan;1
percaya;1
perdamaian;1
perhatian;1
perkembangan;1
persahabatan;1
persaudaraan;1
pertaubatan;1
pertobatan;1
pertolongan;1
pertumbuhan;1
perundingan;1
petunjuk;1
pintar;1
populer;1
positif;1
potensi;1
potensial;1
praktis;1
preseden;1
presisi;1
prestasi;1
prestise;1
prestisius;1
prima;1
primadona;1
prioritas;1
proaktif;1
produktif;1
profesional;1
profit;1
proporsional;1
prospektif;1
proteksi;1
puas;1
pulih;1
rahman;1
rahmat;1
rajin;1
ramah;1
ramah tamah;1
rampung;1
rapi;1
rapih;1
rasional;1
rasul;1
realistis;1
reformasi;1
rekonsiliasi;1
relawan;1
relevan;1
relevansi;1
relevansinya;1
reliabel;1
renungan;1
resmi;1
responsif;1
revolusioner;1
rezeki;1
riang;1
rida;1
ridha;1
ridho;1
rido;1
rileks;1
riset;1
rohmat;1
rukun;1
rupawan;1
sabar;1
sadar;1
sakinah;1
saksama;1
saleh;1
salehah;1
saling tegur;1
salut;1
sanggup;1
santun;1
satu padu;1
sayang;1
sebaik-baiknya;1
sebesar mungkin;1
secepatnya;1
seefektif;1
seimbang;1
sejalan;1
selamat;1
selaras;1
selesai;1
selesaikan;1
semangat;1
semoga;1
senang;1
serius;1
sesuai;1
setuju;1
shaleh;1
shalehah;1
shalihah;1
sholeh;1
siap;1
silahkan;1
silaturahmi;1
simpati;1
sistematik;1
sistematis;1
siuman;1
sobat;1
sohib;1
solid;1
solidaritas;1
solider;1
solusi;1
sopan;1
sopan santun;1
sorga;1
spektakuler;1
spesial;1
sportif;1
sportivitas;1
stabil;1
steril;1
strategis;1
subsidi;1
suci;1
sudah berupaya;1
sudah berusaha;1
sudah dilakukan;1
sukaria;1
sukses;1
syukuran;1
taat;1
tahu;1
tak ada banding;1
tak ada bandingan;1
tak ada tandingan;1
talenta;1
tampan;1
tangguh;1
taubat;1
tauladan;1
tawaduk;1
tawakal;1
tegar;1
tegas;1
teguh;1
tekad;1
tekun;1
teladan;1
telah berjalan;1
tenteram;1
tentram;1
tepa salira;1
tepat guna;1
tepat sasaran;1
tepati;1
terahmati;1
terawat;1
terbaik;1
terbantu;1
terbarukan;1
terbiasa;1
terbrilian;1
tercakap;1
tercakep;1
tercanggih;1
tercangging;1
tercantik;1
tercerdas;1
terdongkrak;1
teredukasi;1
terfavorit;1
terfenomenal;1
tergapai;1
terharu;1
terhebat;1
terhibur;1
terhormat;1
terima kasih;1
terindah;1
terinformasi;1
terinspirasi;1
teristimewa;1
terjangkau;1
terkagum-kagum;1
terkasih;1
terkenal;1
terkendali;1
terkirim;1
terlezat;1
terlincah;1
termasyhur;1
termotivasi;1
ternama;1
terohmati;1
terpana;1
terpandai;1
terpandang;1
terpilih;1
terpintar;1
terpuji;1
terpukau;1
tersabar;1
tersadar;1
tersadarkan;1
tersantun;1
tersantuni;1
tersayang;1
tersipu;1
tersipu-sipu;1
tersohor;1
tersopan;1
terspektakuler;1
terstruktur;1
tersuci;1
tersucikan;1
tersukses;1
tertaat;1
tertampan;1
tertib;1
tertolong;1
teruji;1
terungkap;1
terurus;1
terus terang;1
tetap di sini;1
tiada banding;1
tiada bandingan;1
tiada tandingan;1
tidak ada banding;1
tidak ada bandingan;1
tidak ada tandingan;1
toleran;1
toleransi;1
tolong-menolong;1
trofi;1
tropi;1
tulus;1
tuntas;1
tuntun;1
tuntunan;1
ukhuwah;1
ulet;1
unggul;1
unggulan;1
unik;1
usulan bersama;1
usulan masyarakat;1
valid;1
visibel;1
wah;1
wajar;1
wajar-wajar;1
wibawa;1
yahud;1
yakin;1
accord;1
asyik;1
asyiknya;1
bantuan;1
bimbingan;1
aduhai;1
boleh juga;1
luar biasa;1
sabar;1
keren;1
cakep;1
senang;1
maaf;1
minta maaf;1
sehat;1
suka;1
cinta;1
dimaafkan;1
dikejar;1
tidak apa-apa;1
cepat sembuh;1
jago;1
imut;1
jujur;1
adil;1
lucu;1
terima kasih;1
sehat;1
manis;1
mantap;1
lebih baik;1
mengaku;1
profesional;1
nyaman;1
rezeki;1
setuju;1
sumbangan;1
amal;1
menggemaskan;1
boleh juga;1
